cve_rama,nombre_rama
1141,Pesca
1125,Acuicultura
1151,Servicios relacionados con la agricultura
2123,Minería de minerales no metálicos
2361,Edificación residencial
2362,Edificación no residencial
2371,"Construcción de obras para el suministro de agua, petróleo, gas, energía eléctrica y telecomunicaciones"
2372,División de terrenos y construcción de obras de urbanización
2381,"Cimentaciones, montaje de estructuras prefabricadas y trabajos en exteriores"
2382,Instalaciones y equipamiento en construcciones
2383,Trabajos de acabados en edificaciones
2389,Otros trabajos especializados para la construcción
3111,Elaboración de alimentos balanceados para animales
3112,Molienda de granos y de semillas y obtención de aceites y grasas
3114,"Conservación de frutas, verduras, guisos y otros alimentos preparados"
3115,Elaboración de productos lácteos
3116,"Matanza, empacado y procesamiento de carne de ganado, aves y otros animales comestibles"
3117,Preparación y envasado de pescados y mariscos
3118,Elaboración de productos de panadería y tortillas
3119,Otras industrias alimentarias
3121,Industria de las bebidas
3141,"Confección de alfombras, blancos y similares"
3219,Fabricación de otros productos de madera
3231,Impresión e industrias conexas
3253,"Fabricación de fertilizantes, plaguicidas y otros agroquímicos"
3256,"Fabricación de jabones, limpiadores y preparaciones de tocador"
3271,Fabricación de productos a base de arcillas y minerales refractarios
3273,"Fabricación de cemento, concreto y sus productos"
3274,"Fabricación de cal, yeso y productos de yeso"
3279,Fabricación de otros productos a base de minerales no metálicos
3323,Fabricación de estructuras metálicas y productos de herrería
3324,"Fabricación de calderas, tanques y envases metálicos"
3327,Maquinado de piezas y fabricación de tornillos
3331,"Fabricación de maquinaria y equipo agropecuario, para la construcción y para la industria extractiva"
3333,Fabricación de maquinaria y equipo para el comercio y los servicios
3339,Fabricación de otra maquinaria y equipo para la industria en general
3363,Fabricación de partes para vehículos automotores
3364,Fabricación de equipo aeroespacial
3366,Fabricación de embarcaciones
3371,"Fabricación de muebles, excepto de oficina y estantería"
3391,"Fabricación de equipo no electrónico y material desechable de uso médico, dental y para laboratorio, y artículos oftálmicos"
3399,Otras industrias manufactureras
4311,Comercio al por mayor de abarrotes y alimentos
4312,"Comercio al por mayor de bebidas, hielo y tabaco"
4321,Comercio al por mayor de productos textiles y calzado
4331,Comercio al por mayor de productos farmacéuticos
4332,"Comercio al por mayor de artículos de perfumería, cosméticos y joyería"
4334,"Comercio al por mayor de artículos de papelería, libros, revistas y periódicos"
4335,Comercio al por mayor de electrodomésticos menores y aparatos de línea blanca
4341,Comercio al por mayor de materias primas agropecuarias y forestales
4342,Comercio al por mayor de materias primas para la industria
4351,"Comercio al por mayor de maquinaria y equipo agropecuario, forestal y para la pesca"
4352,Comercio al por mayor de maquinaria y equipo para la industria
4354,"Comercio al por mayor de mobiliario y equipo de cómputo y de oficina, y de otra maquinaria y equipo de uso general"
4361,"Comercio al por mayor de camiones y de partes y refacciones nuevas para automóviles, camionetas y camiones"
4611,Comercio al por menor de abarrotes y alimentos
4612,"Comercio al por menor de bebidas, hielo y tabaco"
4621,Comercio al por menor en tiendas de autoservicio
4622,Comercio al por menor en tiendas departamentales
4631,"Comercio al por menor de productos textiles, excepto ropa"
4632,"Comercio al por menor de ropa, bisutería y accesorios de vestir"
4633,Comercio al por menor de calzado
4641,Comercio al por menor de artículos para el cuidado de la salud
4651,Comercio al por menor de artículos de perfumería y joyería
4652,Comercio al por menor de artículos para el esparcimiento
4653,"Comercio al por menor de artículos de papelería, libros, revistas y periódicos"
4659,"Comercio al por menor de mascotas y sus accesorios, regalos, artículos religiosos, desechables, artesanías y otros artículos de uso personal"
4661,Comercio al por menor de muebles para el hogar y otros enseres domésticos
4662,"Comercio al por menor de mobiliario, equipo y accesorios de cómputo, teléfonos y otros aparatos de comunicación"
4663,Comercio al por menor de artículos para la decoración de interiores
4664,Comercio al por menor de artículos usados
4671,"Comercio al por menor de artículos de ferretería, tlapalería y vidrios"
4681,Comercio al por menor de automóviles y camionetas
4682,"Comercio al por menor de partes y refacciones para automóviles, camionetas y camiones"
4683,Comercio al por menor de motocicletas y otros vehículos de motor
4684,"Comercio al por menor de combustibles, aceites y grasas lubricantes"
4841,Autotransporte de carga general
4842,Autotransporte de carga especializado
4851,Transporte colectivo urbano y suburbano de pasajeros de ruta fija
4852,Transporte colectivo foráneo de pasajeros de ruta fija
4854,Transporte escolar y de personal
4855,Alquiler de autobuses con chofer
4883,Servicios relacionados con el transporte por agua
4884,Servicios relacionados con el transporte por carretera
4885,Servicios de intermediación para el transporte de carga
4921,Servicios de mensajería y paquetería foránea
4922,Servicios de mensajería y paquetería local
4931,Servicios de almacenamiento
5121,Industria fílmica y del video
5122,Industria del sonido
5161,Estaciones de transmisión de programas de radio y televisión
5162,"Servicios de distribución de audio y video en tiempo real (streaming), redes sociales, cadenas de radio y televisión y otros proveedores de contenido"
5223,Uniones de crédito e instituciones de ahorro
5224,Otras instituciones de intermediación crediticia y financiera no bursátil
5231,"Casas de bolsa, casas de cambio y centros cambiarios"
5242,"Servicios relacionados con los seguros y las fianzas, y administración de fondos para el retiro"
5311,Alquiler sin intermediación de bienes raíces
5312,Inmobiliarias y corredores de bienes raíces
5313,Servicios relacionados con los servicios inmobiliarios
5321,"Alquiler de automóviles, camiones y otros transportes terrestres"
5322,Alquiler de artículos para el hogar y personales
5323,Centros generales de alquiler
5324,"Alquiler de maquinaria y equipo agropecuario, pesquero, industrial, comercial y de servicios"
5411,Servicios legales
5412,"Servicios de contabilidad, auditoría y servicios relacionados"
5413,"Servicios de arquitectura, ingeniería y actividades relacionadas"
5414,Diseño especializado
5415,Servicios de diseño de sistemas de cómputo y servicios relacionados
5416,"Servicios de consultoría administrativa, científica y técnica"
5418,Servicios de publicidad y actividades relacionadas
5419,"Otros servicios profesionales, científicos y técnicos"
5611,Servicios de administración de negocios
5613,Servicios de empleo
5614,"Servicios de apoyo secretarial, fotocopiado, cobranza, investigación crediticia y similares"
5615,Agencias de viajes y servicios de reservaciones
5616,"Servicios de investigación, protección y seguridad"
5617,Servicios de limpieza
5619,Otros servicios de apoyo a los negocios
5621,Recolección de residuos
5629,"Servicios de remediación, recuperación, y otros servicios de manejo de residuos"
6111,"Escuelas de educación básica, media y para necesidades especiales"
6113,Escuelas de educación superior
6115,Escuelas de oficios
6116,Otros servicios educativos
6211,Consultorios médicos
6212,Consultorios dentales
6213,Otros consultorios para el cuidado de la salud
6214,Centros para la atención de pacientes que no requieren hospitalización
6215,Laboratorios médicos y de diagnóstico
6219,"Servicios de ambulancias, de bancos de órganos y otros servicios auxiliares al tratamiento médico"
6221,Hospitales generales
6223,Hospitales de otras especialidades médicas
6231,"Residencias con cuidados de enfermeras para enfermos convalecientes, en rehabilitación, incurables y terminales"
6232,"Residencias para el cuidado de personas con problemas de retardo mental, trastorno mental y adicciones"
6233,Asilos y otras residencias para el cuidado de ancianos
6239,Orfanatos y otras residencias de asistencia social
6241,Servicios de orientación y trabajo social
6242,"Servicios comunitarios de alimentación, refugio y emergencia"
6243,"Servicios de capacitación para el trabajo para personas desempleadas, subempleadas o con discapacidad"
6244,Guarderías
7111,Compañías y grupos de espectáculos artísticos y culturales
7113,"Promotores de espectáculos artísticos, culturales, deportivos y similares"
7115,"Artistas, escritores y técnicos independientes"
7131,Parques con instalaciones recreativas y casas de juegos electrónicos
7132,"Casinos, loterías y otros juegos de azar"
7139,Otros servicios recreativos
7211,"Hoteles, moteles y similares"
7213,"Pensiones y casas de huéspedes, y departamentos y casas amueblados con servicios de hotelería"
7224,"Centros nocturnos, bares, cantinas y similares"
7225,Servicios de preparación de alimentos y bebidas alcohólicas y no alcohólicas
8111,Reparación y mantenimiento de automóviles y camiones
8112,Reparación y mantenimiento de equipo electrónico y de equipo de precisión
8113,"Reparación y mantenimiento de maquinaria y equipo agropecuario, industrial, comercial y de servicios"
8114,Reparación y mantenimiento de artículos para el hogar y personales
8121,"Salones y clínicas de belleza, baños públicos y bolerías"
8122,Lavanderías y tintorerías 
8123,Servicios funerarios y administración de cementerios 
8124,Estacionamientos y pensiones para vehículos automotores 
8129,Servicios de revelado e impresión de fotografías y otros servicios personales 
8131,"Asociaciones y organizaciones comerciales, laborales, profesionales y recreativas "
8132,"Asociaciones y organizaciones religiosas, políticas y civiles "
2131,Servicios relacionados con la minería
2373,Construcción de vías de comunicación
3113,"Elaboración de azúcares, chocolates, dulces y similares"
3131,"Preparación e hilado de fibras textiles, y fabricación de hilos"
3133,Acabado de productos textiles y fabricación de telas recubiertas
3149,"Fabricación de otros productos textiles, excepto prendas de vestir"
3151,Fabricación de prendas de vestir de tejido de punto
3152,Confección de prendas de vestir
3159,Confección de accesorios de vestir y otras prendas de vestir no clasificados en otra parte
3211,Aserrado y conservación de la madera
3212,Fabricación de laminados y aglutinados de madera
3222,Fabricación de productos de cartón y papel
4832,Transporte por aguas interiores
4853,Servicio de taxis y limusinas
4859,Otro transporte terrestre de pasajeros
4881,Servicios relacionados con el transporte aéreo
5131,"Edición de periódicos, revistas, libros, directorios y otros materiales"
5179,Otros servicios de telecomunicaciones
5417,Servicios de investigación científica y desarrollo
5622,Tratamiento y disposición final de residuos
6114,"Escuelas comerciales, de computación y de capacitación para ejecutivos"
7121,"Museos, sitios históricos, zoológicos y similares"
7212,Campamentos y albergues recreativos
3132,Fabricación de telas
4889,Otros servicios relacionados con el transporte
5192,"Bibliotecas, archivos, portales de búsqueda en la red y otros servicios de suministro de información"
1152,Servicios relacionados con la cría y explotación de animales
3259,Fabricación de otros productos químicos
3262,Fabricación de productos de hule
3315,Moldeo por fundición de piezas metálicas
3362,Fabricación de carrocerías y remolques
3372,Fabricación de muebles de oficina y estantería
4343,Comercio al por mayor de materiales de desecho
5239,Asesoría en inversiones y otros servicios relacionados con la intermediación bursátil
6112,Escuelas de educación técnica superior
2121,Minería de carbón mineral
2122,Minería de minerales metálicos
2213,"Captación, tratamiento y suministro de agua"
3162,Fabricación de calzado
3169,"Fabricación de otros productos de cuero, piel y materiales sucedáneos"
3251,Fabricación de productos químicos básicos
3252,"Fabricación de resinas y hules sintéticos, y fibras químicas"
3254,Fabricación de productos farmacéuticos
3255,"Fabricación de pinturas, recubrimientos y adhesivos"
3261,Fabricación de productos de plástico
3272,Fabricación de vidrio y productos de vidrio
3321,Fabricación de productos metálicos forjados y troquelados
3322,Fabricación de herramientas de mano sin motor y utensilios de cocina metálicos
3326,"Fabricación de alambre, productos de alambre y resortes"
3328,Recubrimientos y terminados metálicos
3329,Fabricación de otros productos metálicos
3332,"Fabricación de maquinaria y equipo para las industrias manufactureras, excepto la metalmecánica"
3334,"Fabricación de equipo de aire acondicionado, calefacción, y de refrigeración industrial y comercial"
3335,Fabricación de maquinaria y equipo para la industria metalmecánica
3336,"Fabricación de motores de combustión interna, turbinas y transmisiones"
3344,Fabricación de componentes electrónicos
3351,Fabricación de accesorios de iluminación
3359,Fabricación de otros equipos y accesorios eléctricos
3361,Fabricación de automóviles y camiones
3365,Fabricación de equipo ferroviario
3379,"Fabricación de colchones, persianas y cortineros"
4353,Comercio al por mayor de maquinaria y equipo para los servicios y para actividades comerciales
4882,Servicios relacionados con el transporte por ferrocarril
5612,Servicios integrales de apoyo a los negocios en instalaciones
6222,Hospitales psiquiátricos y para el tratamiento por adicción
7223,Servicios de preparación de alimentos por encargo
3312,Fabricación de productos de hierro y acero
2379,Otras construcciones de ingeniería civil
3221,"Fabricación de pulpa, papel y cartón"
3241,Fabricación de productos derivados del petróleo y del carbón
3325,Fabricación de herrajes y cerraduras
3369,Fabricación de otro equipo de transporte
4333,"Comercio al por mayor de grabaciones de audio y video en medios físicos, juguetes y artículos deportivos"
4373,Intermediación de comercio al por mayor
5132,Edición de software
5173,Operadores de servicios de telecomunicaciones alámbricas e inalámbricas
5182,"Provisión de infraestructura de servicios de cómputo, procesamiento de datos, hospedaje de páginas de internet y otros servicios relacionados"
5211,Banca central
5221,Banca múltiple
5222,Instituciones financieras de fomento económico
5225,Servicios relacionados con la intermediación crediticia no bursátil
5241,Compañías de seguros y fianzas
5331,"Servicios de alquiler de marcas registradas, patentes y franquicias"
5511,Dirección y administración de grupos empresariales o corporativos
6117,Servicios de apoyo a la educación
3161,Curtido y acabado de cuero y piel
3313,Industria básica del aluminio
3314,"Industrias de metales no ferrosos, excepto aluminio"
3342,Fabricación de equipo de comunicación
3345,"Fabricación de instrumentos de medición, control, navegación, y equipo médico electrónico"
3352,Fabricación de aparatos eléctricos de uso doméstico
3353,Fabricación de equipo de generación y distribución de energía eléctrica
4691,"Intermediación de comercio al por menor, y comercio al por menor a través de catálogos impresos, televisión y similares"
4871,Transporte turístico por tierra
6216,Servicios de enfermería a domicilio
7112,Deportistas y equipos deportivos profesionales
4872,Transporte turístico por agua
3122,Industria del tabaco
3343,Fabricación de equipo de audio y de video
3341,Fabricación de computadoras y equipo periférico
